,Max Error,Error
0,3.04720758188688,3.04720758188688
1,3.04720758188688,1.38177722396265
2,3.04720758188688,1.42052890354393
3,3.04720758188688,1.40030288076859
4,3.04720758188688,1.37304660348935
5,3.04720758188688,1.39007331810461
6,3.04720758188688,1.3800371600513
7,3.04720758188688,1.32504791367964
8,3.04720758188688,1.33255467652774
9,3.04720758188688,1.35588469387209
10,3.04720758188688,1.3293817377102
11,3.04720758188688,1.34179456309483
12,3.04720758188688,1.30213387535529
13,3.04720758188688,1.30229141942533
14,3.04720758188688,1.28787018108984
15,3.04720758188688,1.26195131065524
16,3.04720758188688,1.22771859512494
17,3.04720758188688,1.31368079138033
18,3.04720758188688,1.27244793872617
19,3.04720758188688,1.2607794594111
20,3.04720758188688,1.32150364803182
21,3.04720758188688,1.38023493379773
22,3.04720758188688,1.39200377047795
23,3.04720758188688,1.38765866834794
24,3.04720758188688,1.31797237562171
25,3.04720758188688,1.30173643569992
26,3.04720758188688,1.31934893319127
27,3.04720758188688,1.26163729051392
28,3.04720758188688,1.316143801469
29,3.04720758188688,1.34369357206901
30,3.04720758188688,1.32002524033108
31,3.04720758188688,1.27392634159311
32,3.04720758188688,1.3388328958254
33,3.04720758188688,1.29861956760176
34,3.04720758188688,1.31616322514143
35,3.04720758188688,1.32576526884039
36,3.04720758188688,1.26959381111035
37,3.04720758188688,1.32024451822469
38,3.04720758188688,1.31811958557725
39,3.04720758188688,1.25767484420691
40,3.04720758188688,1.31650819877748
41,3.04720758188688,1.27809826172392
42,3.04720758188688,1.25077236625148
43,3.04720758188688,1.2956781826182
44,3.04720758188688,1.38556173349191
45,3.04720758188688,1.37967644926024
46,3.04720758188688,1.44555073354647
47,3.04720758188688,1.41312467500613
48,3.04720758188688,1.41648528656686
49,3.04720758188688,1.36237646001713
50,3.04720758188688,1.26347574919902
51,3.04720758188688,1.25279833775118
52,3.04720758188688,1.19954620499701
53,3.04720758188688,1.25022135309368
54,3.04720758188688,1.2349766005333
55,3.04720758188688,1.21082232372969
56,3.04720758188688,1.25335654449621
57,3.04720758188688,1.20579247211706
58,3.04720758188688,1.27129322855278
59,3.04720758188688,1.34137455741772
60,3.04720758188688,1.3293969871211
61,3.04720758188688,1.31982881866554
62,3.04720758188688,1.30517885412262
63,3.04720758188688,1.26808585605448
64,3.04720758188688,1.31419792355414
65,3.04720758188688,1.37718369620849
66,3.04720758188688,1.33905063146743
67,3.04720758188688,1.39244007078592
68,3.04720758188688,1.35221762070806
69,3.04720758188688,1.30616023657132
70,3.04720758188688,1.41032305004707
71,3.04720758188688,1.38499334686847
72,3.04720758188688,1.37626099437664
73,3.04720758188688,1.40758560630862
74,3.04720758188688,1.43892235418066
75,3.04720758188688,1.4589241465728
76,3.04720758188688,1.42522187584272
77,3.04720758188688,1.4637300855623
78,3.04720758188688,1.45537335316342
79,3.04720758188688,1.43449239478026
80,3.04720758188688,1.50921889890989
81,3.04720758188688,1.44810649222615
82,3.04720758188688,1.38375818716944
83,3.04720758188688,1.28673535253086
84,3.04720758188688,1.30299379322242
85,3.04720758188688,1.27421514230911
86,3.04720758188688,1.26921577139614
87,3.04720758188688,1.3428079876448
88,3.04720758188688,1.28936440901438
89,3.04720758188688,1.27327781659788
90,3.04720758188688,1.30548760343389
91,3.04720758188688,1.29552908659432
92,3.04720758188688,1.27328516753394
93,3.04720758188688,1.28878063904346
94,3.04720758188688,1.31473558971488
95,3.04720758188688,1.34098320813972
96,3.04720758188688,1.29940934757643
97,3.04720758188688,1.29843258939922
98,3.04720758188688,1.35453716056243
99,3.04720758188688,1.38527825398127
100,3.04720758188688,1.36903860230822
101,3.04720758188688,1.43544036749753
102,3.04720758188688,1.43885908351756
103,3.04720758188688,1.38510581310894
104,3.04720758188688,1.38712958536899
105,3.04720758188688,1.40344064058383
106,3.04720758188688,1.34260226651781
107,3.04720758188688,1.29833505249737
108,3.04720758188688,1.27594610408254
109,3.04720758188688,1.33821660973756
110,3.04720758188688,1.33175214249477
111,3.04720758188688,1.38459077027616
112,3.04720758188688,1.38595148130364
113,3.04720758188688,1.46241859801935
114,3.04720758188688,1.43983013789097
115,3.04720758188688,1.39165109707756
116,3.04720758188688,1.45311941017671
117,3.04720758188688,1.43762457668333
118,3.04720758188688,1.39733799690194
119,3.04720758188688,1.36622710145371
120,3.04720758188688,1.29977867542098
121,3.04720758188688,1.33970366755429
122,3.04720758188688,1.36610432316539
123,3.04720758188688,1.35319241024111
124,3.04720758188688,1.32415531362862
125,3.04720758188688,1.33030261910315
126,3.04720758188688,1.31803505948287
127,3.04720758188688,1.29900410645946
128,3.04720758188688,1.29147630100844
129,3.04720758188688,1.32788038362685
130,3.04720758188688,1.29532100415879
131,3.04720758188688,1.31200076428675
132,3.04720758188688,1.32092099226963
133,3.04720758188688,1.27133588312915
134,3.04720758188688,1.25210926002951
135,3.04720758188688,1.33751800144211
136,3.04720758188688,1.30603427776609
137,3.04720758188688,1.31078008736919
138,3.04720758188688,1.29010829052889
139,3.04720758188688,1.34664637589857
140,3.04720758188688,1.36259297654807
141,3.04720758188688,1.35150092605338
142,3.04720758188688,1.33019421032254
143,3.04720758188688,1.26374575699664
144,3.04720758188688,1.33304459166349
145,3.04720758188688,1.33241424412478
146,3.04720758188688,1.35795824266269
147,3.04720758188688,1.34789342570542
148,3.04720758188688,1.31581499221792
149,3.04720758188688,1.33741490333497
150,3.04720758188688,1.40019024355711
151,3.04720758188688,1.35587953979788
152,3.04720758188688,1.32395067955938
153,3.04720758188688,1.39898746109929
154,3.04720758188688,1.34899320606111
155,3.04720758188688,1.40373194977881
156,3.04720758188688,1.35586182901559
157,3.04720758188688,1.35534390958723
158,3.04720758188688,1.32041583925136
159,3.04720758188688,1.35740325213485
160,3.04720758188688,1.41775042357406
161,3.04720758188688,0.907099004015131
162,3.04720758188688,0.851500699697734
163,3.04720758188688,1.46502981667471
164,3.04720758188688,1.42451012679506
165,3.04720758188688,0.90385651214163
166,3.04720758188688,1.437937121381
167,3.04720758188688,1.43045477485762
168,3.04720758188688,1.41124337085283
169,3.04720758188688,0.907141142313906
170,3.04720758188688,0.886288909725682
171,3.04720758188688,1.43338779274788
172,3.04720758188688,1.4294697355224
173,3.04720758188688,0.889522938017201
174,3.04720758188688,0.870375069330081
175,3.04720758188688,1.42964161270713
176,3.04720758188688,0.922378574545025
177,3.04720758188688,0.908108579583819
178,3.04720758188688,1.45375763334104
179,3.04720758188688,0.477090455118979
180,3.04720758188688,0.462253511570821
181,3.04720758188688,0.461984061922035
182,3.04720758188688,0.462217352741719
183,3.04720758188688,0.453968565063829
184,3.04720758188688,0.447067398015468
185,3.04720758188688,0.44522885160882
186,3.04720758188688,0.460157535591709
187,3.04720758188688,0.44596435353077
188,3.04720758188688,0.453710634897119
189,3.04720758188688,0.450548426909419
190,3.04720758188688,0.438606469612168
191,3.04720758188688,0.442015309212505
192,3.04720758188688,0.433218120217714
193,3.04720758188688,0.435105263628447
194,3.04720758188688,0.457716455207008
195,3.04720758188688,0.446154682543672
196,3.04720758188688,0.439697283909183
197,3.04720758188688,0.421645531582664
198,3.04720758188688,0.454490094902953
199,3.04720758188688,0.446662183695353
200,3.04720758188688,0.445869485571191
201,3.04720758188688,0.935110600581804
202,3.04720758188688,0.419875530609842
203,3.04720758188688,0.415049252584824
204,3.04720758188688,0.946020663861142
205,3.04720758188688,0.945764786505091
206,3.04720758188688,0.423468711159807
207,3.04720758188688,0.4077230807129
208,3.04720758188688,0.966046172763904
209,3.04720758188688,0.433588851735955
210,3.04720758188688,1.53399472306381
211,3.04720758188688,1.52838012619747
212,3.04720758188688,1.52463281551548
213,3.04720758188688,0.418971338805684
214,3.04720758188688,1.53808430578224
215,3.04720758188688,1.54313783367566
216,3.04720758188688,0.43425725107119
217,3.04720758188688,0.414263157751741
218,3.04720758188688,1.56007064125293
219,3.04720758188688,1.5491096979425
220,3.04720758188688,0.422797545456903
221,3.04720758188688,1.02487165022784
222,3.04720758188688,1.00916901434247
223,3.04720758188688,0.435047915908122
224,3.04720758188688,1.03014829328315
225,3.04720758188688,0.999525062877614
226,3.04720758188688,0.993210734432545
227,3.04720758188688,0.402575957673302
228,3.04720758188688,0.397693221785685
229,3.04720758188688,0.997958643154905
230,3.04720758188688,0.975420551994827
231,3.04720758188688,0.432438605649424
232,3.04720758188688,0.452073497319872
233,3.04720758188688,0.434910427148806
234,3.04720758188688,0.433225425002153
235,3.04720758188688,0.423800017958506
236,3.04720758188688,0.445163902098857
237,3.04720758188688,0.431525552528486
238,3.04720758188688,0.425332365429713
239,3.04720758188688,0.40870521380225
240,3.04720758188688,0.444680056731333
241,3.04720758188688,0.437365205256194
242,3.04720758188688,0.433424336992552
243,3.04720758188688,0.414648344073383
244,3.04720758188688,0.439175970447003
245,3.04720758188688,0.42845537949976
246,3.04720758188688,0.416722981642889
247,3.04720758188688,0.441670661558655
248,3.04720758188688,0.462554405161422
249,3.04720758188688,0.444183487514831
250,3.04720758188688,0.425168467799053
251,3.04720758188688,0.428612652733982
252,3.04720758188688,0.429250128968351
253,3.04720758188688,0.471727903342006
254,3.04720758188688,0.44204240622045
255,3.04720758188688,0.419113640630695
256,3.04720758188688,0.422908531964371
257,3.04720758188688,0.400675905741936
258,3.04720758188688,0.387596091571607
259,3.04720758188688,0.42990087407889
260,3.04720758188688,0.440472846915556
261,3.04720758188688,0.426287701435136
262,3.04720758188688,0.441468489963765
263,3.04720758188688,0.422989522859023
264,3.04720758188688,0.439251062634827
265,3.04720758188688,0.413050828722757
266,3.04720758188688,0.407895450768082
267,3.04720758188688,0.386777638819386
268,3.04720758188688,0.935141794545196
269,3.04720758188688,0.438142169751748
270,3.04720758188688,0.424593424585427
271,3.04720758188688,0.933493541447271
272,3.04720758188688,0.950726515654853
273,3.04720758188688,0.923709253626232
274,3.04720758188688,0.931543763425991
275,3.04720758188688,0.920159548915146
276,3.04720758188688,0.945298296837512
277,3.04720758188688,0.926797421774248
278,3.04720758188688,0.906777991284066
279,3.04720758188688,0.936559841719824
280,3.04720758188688,0.899100535193549
281,3.04720758188688,0.916771246552332
282,3.04720758188688,0.897963207911655
283,3.04720758188688,0.884502666859251
284,3.04720758188688,0.921691443365876
285,3.04720758188688,0.87666572562065
286,3.04720758188688,0.878689560202603
287,3.04720758188688,1.43377523077303
288,3.04720758188688,1.41509328530399
289,3.04720758188688,1.40900263123398
290,3.04720758188688,1.41493595560835
291,3.04720758188688,1.39235591763072
292,3.04720758188688,1.38440786729101
293,3.04720758188688,1.36890624560458
294,3.04720758188688,1.3825544673172
295,3.04720758188688,1.43228576329376
296,3.04720758188688,1.39997406543823
297,3.04720758188688,1.3607619887534
298,3.04720758188688,1.37576672418632
299,3.04720758188688,1.40514399171014
300,3.04720758188688,1.39703794451744
301,3.04720758188688,1.43923142095501
302,3.04720758188688,1.38745460716299
303,3.04720758188688,1.37792957619127
304,3.04720758188688,1.35310914314066
305,3.04720758188688,1.38476415959449
306,3.04720758188688,1.35531149036621
307,3.04720758188688,1.41182336408237
308,3.04720758188688,1.38296262073908
309,3.04720758188688,1.3791450665482
310,3.04720758188688,1.41848042620164
311,3.04720758188688,1.39993228711535
312,3.04720758188688,1.38314152159169
313,3.04720758188688,1.40174362722165
314,3.04720758188688,1.42932250332046
315,3.04720758188688,1.40063153181848
316,3.04720758188688,1.3929019813815
317,3.04720758188688,1.43233729092975
318,3.04720758188688,1.41188581795405
319,3.04720758188688,1.38255403000411
320,3.04720758188688,1.37087972761852
321,3.04720758188688,1.43025321160366
322,3.04720758188688,1.40302707071961
323,3.04720758188688,1.38391973491505
324,3.04720758188688,1.40711707951651
325,3.04720758188688,1.38903572539422
326,3.04720758188688,1.40176987231616
327,3.04720758188688,1.4150330815746
328,3.04720758188688,1.39672180838329
329,3.04720758188688,1.3589153483763
330,3.04720758188688,1.41876915568639
331,3.04720758188688,1.38814015741016
332,3.04720758188688,1.41116082694647
333,3.04720758188688,1.38952691533476
334,3.04720758188688,1.37756545715713
335,3.04720758188688,1.32932541114843
336,3.04720758188688,1.32915647858275
337,3.04720758188688,1.38439897708445
338,3.04720758188688,1.40623841692756
339,3.04720758188688,1.379009943172
340,3.04720758188688,1.33912867617823
341,3.04720758188688,1.37978530010216
342,3.04720758188688,1.33473259399943
343,3.04720758188688,1.3228370610828
344,3.04720758188688,1.37332872718795
345,3.04720758188688,1.36313362958589
346,3.04720758188688,1.33957627005723
347,3.04720758188688,1.36068363276937
348,3.04720758188688,1.35212568113264
349,3.04720758188688,1.36901603822433
350,3.04720758188688,1.32872634189191
351,3.04720758188688,1.40159777580594
352,3.04720758188688,1.43010186292721
353,3.04720758188688,1.39200314305267
354,3.04720758188688,1.39528781715203
355,3.04720758188688,1.38571538585677
356,3.04720758188688,1.36609231448164
357,3.04720758188688,1.34163243641458
358,3.04720758188688,1.39905062132806
359,3.04720758188688,1.3565305658683
360,3.04720758188688,1.34422352135093
361,3.04720758188688,1.3754980516226
362,3.04720758188688,1.35202561479049
363,3.04720758188688,1.3026616366966
364,3.04720758188688,1.34227645609775
365,3.04720758188688,1.35209081929872
366,3.04720758188688,1.31045328821546
367,3.04720758188688,1.37092424300985
368,3.04720758188688,1.34866951466852
369,3.04720758188688,1.346937703793
370,3.04720758188688,1.29384980024118
371,3.04720758188688,1.31095654696959
372,3.04720758188688,1.27210163929035
373,3.04720758188688,1.35091917591394
374,3.04720758188688,1.33515422143457
375,3.04720758188688,1.31564766480832
376,3.04720758188688,1.29861828041021
377,3.04720758188688,1.3359865463082
378,3.04720758188688,1.30497626007952
379,3.04720758188688,1.33407641199212
380,3.04720758188688,1.38065910575022
381,3.04720758188688,1.33649806040091
382,3.04720758188688,1.28456946765736
383,3.04720758188688,1.32581296339798
384,3.04720758188688,1.30566290957597
385,3.04720758188688,1.32391291509687
386,3.04720758188688,1.28034558766549
387,3.04720758188688,1.33527239135037
388,3.04720758188688,1.27772053230653
389,3.04720758188688,1.26485266629135
390,3.04720758188688,1.32663573654901
391,3.04720758188688,1.3054688337589
392,3.04720758188688,1.3510740132556
393,3.04720758188688,1.39670224663418
394,3.04720758188688,1.35578605205095
395,3.04720758188688,1.32253204069336
396,3.04720758188688,1.38915994130108
397,3.04720758188688,1.36856623243777
398,3.04720758188688,1.34237182353009
399,3.04720758188688,1.29482597074455
400,3.04720758188688,1.3356504771964
401,3.04720758188688,1.30609934060385
402,3.04720758188688,1.33216056058708
403,3.04720758188688,1.30756150667794
404,3.04720758188688,1.3456195292668
405,3.04720758188688,1.32260148979544
406,3.04720758188688,1.35387404965215
407,3.04720758188688,1.30404449334234
408,3.04720758188688,1.29206103340881
409,3.04720758188688,1.35676795759454
410,3.04720758188688,1.32589560968135
411,3.04720758188688,1.39436442773028
412,3.04720758188688,1.34746507024421
413,3.04720758188688,1.32558063602871
414,3.04720758188688,1.37629273223067
415,3.04720758188688,1.32804213333062
416,3.04720758188688,1.34219598051267
417,3.04720758188688,1.40842663198423
418,3.04720758188688,1.36484655244159
419,3.04720758188688,1.35030354011011
420,3.04720758188688,1.33107505646517
421,3.04720758188688,1.35643444988445
422,3.04720758188688,1.40500655897231
423,3.04720758188688,1.3826898132221
424,3.04720758188688,1.34296066791403
425,3.04720758188688,1.39759785097618
426,3.04720758188688,1.33564904209969
427,3.04720758188688,1.33559765009041
428,3.04720758188688,1.36777669940901
429,3.04720758188688,1.35025347050924
430,3.04720758188688,1.3083495661005
431,3.04720758188688,1.35169076339117
432,3.04720758188688,1.32418250480514
433,3.04720758188688,1.27267397413155
434,3.04720758188688,1.30718312851395
435,3.04720758188688,1.38180059203948
436,3.04720758188688,1.32121701225823
437,3.04720758188688,1.29066753190461
438,3.04720758188688,1.31486485617762
439,3.04720758188688,1.27201221177915
440,3.04720758188688,1.35019642347372
441,3.04720758188688,1.36919453261528
442,3.04720758188688,1.34953406804877
443,3.04720758188688,1.36757690554411
444,3.04720758188688,1.3926302939309
445,3.04720758188688,1.37449654833321
446,3.04720758188688,1.34314548578194
447,3.04720758188688,1.31568822190485
448,3.04720758188688,1.36976384655359
449,3.04720758188688,1.32691521711691
450,3.04720758188688,1.3214545651236
451,3.04720758188688,1.28122290510017
452,3.04720758188688,1.33418115753869
453,3.04720758188688,1.37080146861756
454,3.04720758188688,1.42108587488998
455,3.04720758188688,1.37311421685112
456,3.04720758188688,1.32609748420231
457,3.04720758188688,1.32085422666594
458,3.04720758188688,1.33253485951272
459,3.04720758188688,1.28970904348051
460,3.04720758188688,1.33127318362568
461,3.04720758188688,1.30283245180499
462,3.04720758188688,1.28333039502105
463,3.04720758188688,1.34182018203678
464,3.04720758188688,1.33094176560456
465,3.04720758188688,1.2845834113612
466,3.04720758188688,1.33472141383092
467,3.04720758188688,1.36320871845696
468,3.04720758188688,1.39114581447867
469,3.04720758188688,1.34490451014792
470,3.04720758188688,1.30481574995214
471,3.04720758188688,1.33461915385096
472,3.04720758188688,1.29626157723968
473,3.04720758188688,1.36334844993056
474,3.04720758188688,1.36074475604335
475,3.04720758188688,1.3357872643417
476,3.04720758188688,1.3720051218195
477,3.04720758188688,1.45215795801728
478,3.04720758188688,1.42104438760929
479,3.04720758188688,1.39916202108451
480,3.04720758188688,1.37173365070189
481,3.04720758188688,1.35357393744462
482,3.04720758188688,1.40364741228439
483,3.04720758188688,1.37500012084238
484,3.04720758188688,1.40466490671843
485,3.04720758188688,0.890722520950059
486,3.04720758188688,0.874470234155296
487,3.04720758188688,0.863096302154574
488,3.04720758188688,1.41577370391865
489,3.04720758188688,1.39574230436752
490,3.04720758188688,0.898090745156079
491,3.04720758188688,0.86820755148689
492,3.04720758188688,1.39725183587125
493,3.04720758188688,0.916181531911293
494,3.04720758188688,0.908164279926684
495,3.04720758188688,0.880525927662781
496,3.04720758188688,1.38522885883006
497,3.04720758188688,0.897518521954584
498,3.04720758188688,0.885245088143234
499,3.04720758188688,1.44714731254164
500,3.04720758188688,0.91828896386138
501,3.04720758188688,0.890386354258533
502,3.04720758188688,1.43010821607455
503,3.04720758188688,0.93434508852178
504,3.04720758188688,0.913227245791948
505,3.04720758188688,1.45088401423091
506,3.04720758188688,1.40724338668235
507,3.04720758188688,1.37455530493179
508,3.04720758188688,0.841675330850522
509,3.04720758188688,1.40218506452127
510,3.04720758188688,0.862009918611347
511,3.04720758188688,0.834067582146867
512,3.04720758188688,1.39383402656557
513,3.04720758188688,0.916763858966842
514,3.04720758188688,0.890272882927984
515,3.04720758188688,1.42221245355184
516,3.04720758188688,1.38476577336079
517,3.04720758188688,0.837938355559037
518,3.04720758188688,0.844093437692635
519,3.04720758188688,1.43931338931927
520,3.04720758188688,1.43094645618359
521,3.04720758188688,0.912779981484308
522,3.04720758188688,1.44640898732463
523,3.04720758188688,0.926628129055834
524,3.04720758188688,0.891148362126364
525,3.04720758188688,0.870758655690495
526,3.04720758188688,1.43816529276012
527,3.04720758188688,1.40447833726909
528,3.04720758188688,0.880903073669107
529,3.04720758188688,1.45214818788217
530,3.04720758188688,1.45100818633088
531,3.04720758188688,1.43378460166657
532,3.04720758188688,0.891534058348433
533,3.04720758188688,1.42662186948696
534,3.04720758188688,1.37427767912006
535,3.04720758188688,0.826800719693291
536,3.04720758188688,0.792369210403376
537,3.04720758188688,1.33415734231199
538,3.04720758188688,1.28887424410056
539,3.04720758188688,0.808494672043197
540,3.04720758188688,1.29879891893872
541,3.04720758188688,0.795477970414843
542,3.04720758188688,0.773623031168242
543,3.04720758188688,0.755537368449547
544,3.04720758188688,1.28781078104997
545,3.04720758188688,1.27400314771295
546,3.04720758188688,0.760228768666445
547,3.04720758188688,1.25053800251746
548,3.04720758188688,1.22995601468411
549,3.04720758188688,0.740882532308746
550,3.04720758188688,0.720199247096142
551,3.04720758188688,1.23387139024122
552,3.04720758188688,1.22030363208658
553,3.04720758188688,0.820239627234017
554,3.04720758188688,1.35765568466538
555,3.04720758188688,1.37376712903646
556,3.04720758188688,0.897581854325178
557,3.04720758188688,1.40356940990448
558,3.04720758188688,1.39387474705726
559,3.04720758188688,0.91584544383612
560,3.04720758188688,1.39916218787359
561,3.04720758188688,1.38159050149454
562,3.04720758188688,1.41369728804238
563,3.04720758188688,1.43484464328179
564,3.04720758188688,1.42236859788973
565,3.04720758188688,1.417887759972
566,3.04720758188688,1.48546695411016
567,3.04720758188688,1.45383256826764
568,3.04720758188688,1.42238929289719
569,3.04720758188688,1.41482689234117
570,3.04720758188688,1.45252660918158
571,3.04720758188688,1.44970386745904
572,3.04720758188688,1.42187925320275
573,3.04720758188688,1.39891594303555
574,3.04720758188688,1.35969974244364
575,3.04720758188688,1.32758014784292
576,3.04720758188688,1.32375055784207
577,3.04720758188688,1.34525815482492
578,3.04720758188688,1.32148538983776
579,3.04720758188688,1.28380694052838
580,3.04720758188688,1.3268033239773
581,3.04720758188688,1.28849296543797
582,3.04720758188688,1.25984244685451
583,3.04720758188688,1.29661550490263
584,3.04720758188688,1.25773082191221
585,3.04720758188688,1.27587566301005
586,3.04720758188688,1.29215654334607
587,3.04720758188688,1.27533232969918
588,3.04720758188688,1.2298601056241
589,3.04720758188688,1.30244076706524
590,3.04720758188688,1.28401141484738
591,3.04720758188688,1.3146330956292
592,3.04720758188688,1.25593460945428
593,3.04720758188688,1.25268835817065
594,3.04720758188688,1.23652749564509
595,3.04720758188688,1.23655228511632
596,3.04720758188688,1.28253242362948
597,3.04720758188688,1.26287822522358
598,3.04720758188688,1.23026033320317
599,3.04720758188688,1.27847445223783
600,3.04720758188688,1.24330494958248
601,3.04720758188688,1.24651657870979
602,3.04720758188688,1.19665531826149
603,3.04720758188688,1.17421434743946
604,3.04720758188688,1.18983294400034
605,3.04720758188688,1.19947673726381
606,3.04720758188688,1.21738064525761
607,3.04720758188688,1.20427803136285
608,3.04720758188688,1.25094112566715
609,3.04720758188688,1.21833513053911
610,3.04720758188688,1.20011246227042
611,3.04720758188688,1.20785927709361
612,3.04720758188688,1.24242290099633
613,3.04720758188688,1.20955292681818
614,3.04720758188688,1.21967316679929
615,3.04720758188688,1.19272511313806
616,3.04720758188688,1.21714407597164
617,3.04720758188688,1.17614030015055
618,3.04720758188688,1.23814006244864
619,3.04720758188688,1.22394200919912
620,3.04720758188688,1.18443060705376
621,3.04720758188688,1.25321630054387
622,3.04720758188688,1.24402150534217
623,3.04720758188688,1.22209974527626
624,3.04720758188688,1.21157459286891
625,3.04720758188688,1.2343505673918
626,3.04720758188688,1.26989079822488
627,3.04720758188688,1.22842712403646
628,3.04720758188688,1.28026203999555
629,3.04720758188688,1.33150440724565
630,3.04720758188688,1.31358976782659
631,3.04720758188688,1.23349795716763
632,3.04720758188688,1.23326004121623
633,3.04720758188688,1.16949396093487
634,3.04720758188688,1.18876602469339
635,3.04720758188688,1.18622421333037
636,3.04720758188688,1.19707351350072
637,3.04720758188688,1.19597638957377
638,3.04720758188688,1.14077381773126
639,3.04720758188688,1.22501098888238
640,3.04720758188688,1.24429368507281
641,3.04720758188688,1.22241809304684
642,3.04720758188688,1.1815862046848
643,3.04720758188688,1.18467548837646
644,3.04720758188688,1.23592490467953
645,3.04720758188688,1.20308220708644
646,3.04720758188688,1.17013529062792
647,3.04720758188688,1.2228019271144
648,3.04720758188688,1.18967289681123
649,3.04720758188688,1.15281519493826
650,3.04720758188688,1.17847123031492
651,3.04720758188688,1.17774204831338
652,3.04720758188688,1.24756998670281
653,3.04720758188688,1.2173685642076
654,3.04720758188688,1.275869526823
655,3.04720758188688,1.21467304379899
656,3.04720758188688,1.22851762470479
657,3.04720758188688,1.21083730940125
658,3.04720758188688,1.26404676461306
659,3.04720758188688,1.21229036948373
660,3.04720758188688,1.23816404457651
661,3.04720758188688,1.28426864303097
662,3.04720758188688,1.27148469424033
663,3.04720758188688,1.29576285476394
664,3.04720758188688,1.33969439839868
665,3.04720758188688,1.30789037626497
666,3.04720758188688,1.29046878503789
667,3.04720758188688,1.28520617195841
668,3.04720758188688,1.24520132843014
669,3.04720758188688,1.2130012008856
670,3.04720758188688,1.26693789590784
671,3.04720758188688,1.22663806187336
672,3.04720758188688,1.26447617082918
673,3.04720758188688,1.24700502902705
674,3.04720758188688,1.22758042750518
675,3.04720758188688,1.27229840117998
676,3.04720758188688,1.3545921057274
677,3.04720758188688,1.33398349504791
678,3.04720758188688,1.32955822874581
679,3.04720758188688,1.28942436458664
680,3.04720758188688,1.39010608725289
681,3.04720758188688,1.42454309799566
682,3.04720758188688,1.35794900245894
683,3.04720758188688,1.36896472044395
684,3.04720758188688,1.4131982710219
685,3.04720758188688,1.4013753588196
686,3.04720758188688,1.41724787610105
687,3.04720758188688,1.39230749446772
688,3.04720758188688,1.35778039981124
689,3.04720758188688,1.32890142048465
690,3.04720758188688,1.27439734859994
691,3.04720758188688,1.36273243451374
692,3.04720758188688,1.30355089158257
693,3.04720758188688,1.3209084880811
694,3.04720758188688,1.24089888569232
695,3.04720758188688,1.30762936879322
696,3.04720758188688,1.30910694649438
697,3.04720758188688,1.31815957627558
698,3.04720758188688,1.30219506719115
699,3.04720758188688,1.28566675630743
700,3.04720758188688,1.32997977804119
701,3.04720758188688,1.29437134357667
702,3.04720758188688,1.28230980497088
703,3.04720758188688,1.40329044412257
704,3.04720758188688,1.38072331613537
705,3.04720758188688,1.41349387604527
706,3.04720758188688,1.42988114798404
707,3.04720758188688,1.39909872793389
708,3.04720758188688,1.35555948060586
709,3.04720758188688,1.37684749561747
710,3.04720758188688,1.32916900641513
711,3.04720758188688,1.33523401282226
712,3.04720758188688,1.43353873611112
713,3.04720758188688,1.41036202319643
714,3.04720758188688,1.44148390356923
715,3.04720758188688,1.46398616751095
716,3.04720758188688,1.41730571175285
717,3.04720758188688,1.36997727966604
718,3.04720758188688,1.41577187145405
719,3.04720758188688,1.41518816478281
720,3.04720758188688,1.35511069395346
721,3.04720758188688,1.36733769496448
722,3.04720758188688,1.32817231494223
723,3.04720758188688,1.3623154821586
724,3.04720758188688,1.36149921286424
725,3.04720758188688,1.39597716161846
726,3.04720758188688,1.47499379523841
727,3.04720758188688,1.49488162921354
728,3.04720758188688,1.45692640828034
729,3.04720758188688,1.40873376961945
730,3.04720758188688,1.50287855326572
731,3.04720758188688,1.45350048740019
732,3.04720758188688,1.49209751424759
733,3.04720758188688,1.5358888331984
734,3.04720758188688,1.49624759795695
735,3.04720758188688,1.45419794735312
736,3.04720758188688,1.3858141323636
737,3.04720758188688,1.47941963348122
738,3.04720758188688,1.44045853101284
739,3.04720758188688,1.40554025207807
740,3.04720758188688,1.49815987786671
741,3.04720758188688,1.43366438454252
742,3.04720758188688,1.48079853038763
743,3.04720758188688,1.40633951223364
744,3.04720758188688,1.40681596095902
745,3.04720758188688,1.38400653925091
746,3.04720758188688,1.44772965449046
747,3.04720758188688,1.41920113610948
748,3.04720758188688,1.47859171065416
749,3.04720758188688,1.42590589072781
750,3.04720758188688,1.50689457702272
751,3.04720758188688,1.43531853407315
752,3.04720758188688,1.41001968313407
753,3.04720758188688,1.46729525730986
754,3.04720758188688,1.47339767470386
755,3.04720758188688,1.44868228072587
756,3.04720758188688,1.4495389552014
757,3.04720758188688,1.52474921264779
758,3.04720758188688,1.56865373882932
759,3.04720758188688,1.56422769878174
760,3.04720758188688,1.53688590283183
761,3.04720758188688,1.55152661991634
762,3.04720758188688,1.51941958081033
763,3.04720758188688,1.46518412541565
764,3.04720758188688,1.55074317980789
765,3.04720758188688,1.63177286002812
766,3.04720758188688,1.6190910579641
767,3.04720758188688,1.57751435356479
768,3.04720758188688,1.53593440562081
769,3.04720758188688,1.52269833337623
770,3.04720758188688,1.62405329131204
771,3.04720758188688,1.77820883356013
772,3.04720758188688,1.73940219001427
773,3.04720758188688,1.67555017896852
774,3.04720758188688,1.651173001295
775,3.04720758188688,1.57702620239674
776,3.04720758188688,1.525431867134
777,3.04720758188688,1.63236905626761
778,3.04720758188688,1.68257518340929
779,3.04720758188688,1.62241965046004
780,3.04720758188688,1.58078370590605
781,3.04720758188688,1.6504409769237
782,3.04720758188688,1.64480884331705
783,3.04720758188688,1.66830498771445
784,3.04720758188688,1.71136222488849
785,3.04720758188688,1.66773071326896
786,3.04720758188688,1.67708802632455
787,3.04720758188688,1.73918360678103
788,3.04720758188688,1.76293615535861
789,3.04720758188688,1.82587024319503
790,3.04720758188688,1.76102971592375
791,3.04720758188688,1.65430538750773
792,3.04720758188688,1.65789258655231
793,3.04720758188688,1.65401828808292
794,3.04720758188688,1.61617579107323
795,3.04720758188688,1.7515885859721
796,3.04720758188688,1.73625184372657
797,3.04720758188688,1.71985317418608
798,3.04720758188688,1.73340795014068
799,3.04720758188688,1.68659352233892
800,3.04720758188688,1.65607103339543
801,3.04720758188688,1.67568779891454
802,3.04720758188688,1.74323548756215
803,3.04720758188688,1.76573405464711
804,3.04720758188688,1.72593974897953
805,3.04720758188688,1.72524292708347
806,3.04720758188688,1.77039925160777
807,3.04720758188688,1.83442228259218
808,3.04720758188688,1.80354891010341
809,3.04720758188688,1.86201007606019
810,3.04720758188688,1.75388758905389
811,3.04720758188688,1.70903889700942
812,3.04720758188688,1.66725603932251
813,3.04720758188688,1.65929261631497
814,3.04720758188688,1.74305637457471
815,3.04720758188688,1.78138876740744
816,3.04720758188688,1.76619170530998
817,3.04720758188688,1.76554293910859
818,3.04720758188688,1.70869634029823
819,3.04720758188688,1.6479327698777
820,3.04720758188688,1.70011794395204
821,3.04720758188688,1.63883584775533
822,3.04720758188688,1.63915630704045
823,3.04720758188688,1.69587532253467
824,3.04720758188688,1.76184479777015
825,3.04720758188688,1.7335747242781
826,3.04720758188688,1.72501062177644
827,3.04720758188688,1.78411507402686
828,3.04720758188688,1.71895975200027
829,3.04720758188688,1.83367305229261
830,3.04720758188688,1.73527550561799
831,3.04720758188688,1.73820333979304
832,3.04720758188688,1.7230179294333
833,3.04720758188688,1.61797967417127
834,3.04720758188688,1.5671140264812
835,3.04720758188688,1.59137702088656
836,3.04720758188688,1.5020069247043
837,3.04720758188688,1.63953041073699
838,3.04720758188688,1.67249239376277
839,3.04720758188688,1.68504502349964
840,3.04720758188688,1.66486483642196
841,3.04720758188688,1.61664598047359
842,3.04720758188688,1.63870525681751
843,3.04720758188688,1.57060199739659
844,3.04720758188688,1.56410696530039
845,3.04720758188688,1.67311272258548
846,3.04720758188688,1.64515665435925
847,3.04720758188688,1.58431947525731
848,3.04720758188688,1.53399560614511
849,3.04720758188688,1.55304195650405
850,3.04720758188688,1.52155928888564
851,3.04720758188688,1.64136596325228
852,3.04720758188688,1.69621240445233
853,3.04720758188688,1.60735530528136
854,3.04720758188688,1.59943581716858
855,3.04720758188688,1.59493871065853
856,3.04720758188688,1.67269006854922
857,3.04720758188688,1.61088264299183
858,3.04720758188688,1.62262798956626
859,3.04720758188688,1.64828332293854
860,3.04720758188688,1.68280107600851
861,3.04720758188688,1.6601215561855
862,3.04720758188688,1.71606308313205
863,3.04720758188688,1.72041070279399
864,3.04720758188688,1.75094730658714
865,3.04720758188688,1.68484497086846
866,3.04720758188688,1.71822761883982
867,3.04720758188688,1.78104350827655
868,3.04720758188688,1.73061807424541
869,3.04720758188688,1.81782287977225
870,3.04720758188688,1.69073052793548
871,3.04720758188688,1.71955067676407
872,3.04720758188688,1.68957163484138
873,3.04720758188688,1.60308027395223
874,3.04720758188688,1.61954930578365
875,3.04720758188688,1.61266059346641
876,3.04720758188688,1.73029522068352
877,3.04720758188688,1.70961790293866
878,3.04720758188688,1.69226843499099
879,3.04720758188688,1.59753295602252
880,3.04720758188688,1.5962081164344
881,3.04720758188688,1.58777024019612
882,3.04720758188688,1.59953717795628
883,3.04720758188688,1.73214730136442
884,3.04720758188688,1.7224745878238
885,3.04720758188688,1.68815466261727
886,3.04720758188688,1.76054039516704
887,3.04720758188688,1.74004804954068
888,3.04720758188688,1.84405973868615
889,3.04720758188688,1.801264549826
890,3.04720758188688,1.80272077909912
891,3.04720758188688,1.76518454289088
892,3.04720758188688,1.80177083888235
893,3.04720758188688,1.9437413649988
894,3.04720758188688,1.87728626598857
895,3.04720758188688,1.84247182005864
896,3.04720758188688,1.83480946058931
897,3.04720758188688,1.93674510972653
898,3.04720758188688,1.87260114730815
899,3.04720758188688,1.76769342572294
900,3.04720758188688,1.82789901464635
901,3.04720758188688,1.78147242789306
902,3.04720758188688,1.72172376168783
903,3.04720758188688,1.86887219690357
904,3.04720758188688,1.8338335213187
905,3.04720758188688,1.89225714114924
906,3.04720758188688,1.85124480788349
907,3.04720758188688,1.81968213338683
908,3.04720758188688,1.79173447304274
909,3.04720758188688,1.66856340189967
910,3.04720758188688,1.75296150777413
911,3.04720758188688,1.73744013496253
912,3.04720758188688,1.78277116551474
913,3.04720758188688,1.87394970054176
914,3.04720758188688,1.8468139639699
915,3.04720758188688,1.82787462810531
916,3.04720758188688,1.87194135930456
917,3.04720758188688,1.85607400305679
918,3.04720758188688,1.86755805461161
919,3.04720758188688,1.89494984686139
920,3.04720758188688,1.87164909920078
921,3.04720758188688,1.88848394069152
922,3.04720758188688,1.83836094309105
923,3.04720758188688,1.7945076124768
924,3.04720758188688,1.85060266662247
925,3.04720758188688,1.78908241663283
926,3.04720758188688,1.82510059122808
927,3.04720758188688,1.78924748157708
928,3.04720758188688,1.77223886426767
929,3.04720758188688,1.76725955353422
930,3.04720758188688,1.82444368252993
931,3.04720758188688,1.88780070009085
932,3.04720758188688,1.90120670785877
933,3.04720758188688,1.76746343140187
934,3.04720758188688,1.6608171200013
935,3.04720758188688,1.51104882769509
936,3.04720758188688,1.44669435599201
937,3.04720758188688,1.36782983508811
938,3.04720758188688,1.35414074079834
939,3.04720758188688,1.27315802393201
940,3.04720758188688,1.36141059537114
941,3.04720758188688,1.32471267654271
942,3.04720758188688,1.29320101842328
943,3.04720758188688,1.36463301884131
944,3.04720758188688,1.35691358811655
945,3.04720758188688,1.29789538604346
946,3.04720758188688,1.36448554266486
947,3.04720758188688,1.33428583625056
948,3.04720758188688,1.29605605824651
949,3.04720758188688,1.35046622277814
950,3.04720758188688,1.30769522907042
951,3.04720758188688,1.31459453527746
952,3.04720758188688,1.27418853659611
953,3.04720758188688,1.29734008063607
954,3.04720758188688,1.23358077284019
955,3.04720758188688,1.3211000549702
956,3.04720758188688,1.31017019732349
957,3.04720758188688,1.29111334375183
958,3.04720758188688,1.35578982283717
959,3.04720758188688,1.31282159673827
960,3.04720758188688,1.33152264111915
961,3.04720758188688,1.33247498373839
962,3.04720758188688,1.29160919846907
963,3.04720758188688,1.26594463051643
964,3.04720758188688,1.28427505242051
965,3.04720758188688,1.31843958456493
966,3.04720758188688,1.25701395398303
967,3.04720758188688,1.27385749623164
968,3.04720758188688,1.27934686994488
969,3.04720758188688,1.31368478587344
970,3.04720758188688,1.29132397776919
971,3.04720758188688,1.2675924178696
972,3.04720758188688,1.31551059020362
973,3.04720758188688,1.2919719765888
974,3.04720758188688,1.25069472945319
975,3.04720758188688,1.29948134338634
976,3.04720758188688,1.33655981074982
977,3.04720758188688,1.31557012432606
978,3.04720758188688,1.31930716984811
979,3.04720758188688,1.28208703748559
980,3.04720758188688,1.32975761824394
981,3.04720758188688,1.32108820980252
982,3.04720758188688,1.36104396815347
983,3.04720758188688,1.40765702110247
984,3.04720758188688,1.36798311235534
985,3.04720758188688,1.35748971266002
986,3.04720758188688,1.38585827095546
987,3.04720758188688,1.33029581095103
988,3.04720758188688,1.39993331857515
989,3.04720758188688,1.35768186750235
990,3.04720758188688,1.28714907470044
991,3.04720758188688,1.27111971512549
992,3.04720758188688,1.32379657266823
993,3.04720758188688,1.3601261240781
994,3.04720758188688,1.31302451434078
995,3.04720758188688,1.37101713174564
996,3.04720758188688,1.38878933608194
997,3.04720758188688,1.34847950017018
998,3.04720758188688,1.39590933847897
999,3.04720758188688,1.39050262461319
1000,3.04720758188688,1.36392681159621
1001,3.04720758188688,1.33152777040264
1002,3.04720758188688,1.35546895728437
1003,3.04720758188688,1.31236975271396
1004,3.04720758188688,1.28380048112882
1005,3.04720758188688,1.33452485672311
1006,3.04720758188688,1.27184909782839
1007,3.04720758188688,1.32991567524314
1008,3.04720758188688,1.38041555988701
1009,3.04720758188688,1.3431694678217
1010,3.04720758188688,1.29857369713812
1011,3.04720758188688,1.32994289957995
1012,3.04720758188688,1.37332767500991
1013,3.04720758188688,1.32975013874357
1014,3.04720758188688,1.33696975842281
1015,3.04720758188688,1.37401113806403
1016,3.04720758188688,1.35032417766813
1017,3.04720758188688,1.37961762264279
1018,3.04720758188688,1.38264538237849
1019,3.04720758188688,1.34140385548014
1020,3.04720758188688,1.3706873827409
1021,3.04720758188688,1.32422731048217
1022,3.04720758188688,1.34464989618397
1023,3.04720758188688,1.30043297053012
1024,3.04720758188688,1.29811172621234
1025,3.04720758188688,1.23794180431437
1026,3.04720758188688,1.25184967735258
1027,3.04720758188688,1.26636908390075
1028,3.04720758188688,1.30021152362122
1029,3.04720758188688,1.27535546570567
1030,3.04720758188688,1.29047290947806
1031,3.04720758188688,1.33132668141802
1032,3.04720758188688,1.28549275561922
1033,3.04720758188688,1.23979190904213
1034,3.04720758188688,1.23734108488246
1035,3.04720758188688,1.30506294800758
1036,3.04720758188688,1.27952207705238
1037,3.04720758188688,1.28661818824318
1038,3.04720758188688,1.23534635282159
1039,3.04720758188688,1.30521055575137
1040,3.04720758188688,1.28039148929693
1041,3.04720758188688,1.31797840513534
1042,3.04720758188688,1.28730405012167
1043,3.04720758188688,1.31235395385008
1044,3.04720758188688,1.26796877741322
1045,3.04720758188688,1.29899023322988
1046,3.04720758188688,1.28789033159813
1047,3.04720758188688,1.26859705137473
1048,3.04720758188688,1.29344150413792
1049,3.04720758188688,1.26037557447416
1050,3.04720758188688,1.30127544828193
1051,3.04720758188688,1.26755364447927
1052,3.04720758188688,1.28232734733969
1053,3.04720758188688,1.25816165999194
1054,3.04720758188688,1.21049962892049
1055,3.04720758188688,1.31015671215057
1056,3.04720758188688,1.2942163960357
1057,3.04720758188688,1.27348649765282
1058,3.04720758188688,1.2988575224156
1059,3.04720758188688,1.28720599840792
1060,3.04720758188688,1.30999830985866
1061,3.04720758188688,1.2624702218355
1062,3.04720758188688,1.24369542187382
1063,3.04720758188688,1.33944593350855
1064,3.04720758188688,1.32299114633973
1065,3.04720758188688,1.30497810256873
1066,3.04720758188688,1.34135264287591
1067,3.04720758188688,1.31446837424696
1068,3.04720758188688,1.24959801466996
1069,3.04720758188688,1.24620578790335
1070,3.04720758188688,1.21852093047657
1071,3.04720758188688,1.32354553585843
1072,3.04720758188688,1.27673309914299
1073,3.04720758188688,1.26927556401723
1074,3.04720758188688,1.28687728166683
1075,3.04720758188688,1.267088766017
1076,3.04720758188688,1.30305484917987
1077,3.04720758188688,1.24983575498093
1078,3.04720758188688,1.27680498233973
1079,3.04720758188688,1.22245029319318
1080,3.04720758188688,1.21625883827695
1081,3.04720758188688,1.2614489832711
1082,3.04720758188688,1.24408748886155
1083,3.04720758188688,1.30651225423568
1084,3.04720758188688,1.28556633854563
1085,3.04720758188688,1.28697073015243
1086,3.04720758188688,1.32124941146499
1087,3.04720758188688,1.2503441175052
1088,3.04720758188688,1.27555446189765
1089,3.04720758188688,1.24345336316495
1090,3.04720758188688,1.29658915137419
1091,3.04720758188688,1.24597815404889
1092,3.04720758188688,1.2657743163867
1093,3.04720758188688,1.33531013341765
1094,3.04720758188688,1.31313356415082
1095,3.04720758188688,1.29656499838524
1096,3.04720758188688,1.33171604003027
1097,3.04720758188688,1.27359795449029
1098,3.04720758188688,1.23409682562729
1099,3.04720758188688,1.28952405921007
1100,3.04720758188688,1.35135020776318
1101,3.04720758188688,1.33321072791348
1102,3.04720758188688,1.26313373139317
1103,3.04720758188688,1.32388336441165
1104,3.04720758188688,1.31090677174247
1105,3.04720758188688,1.25988707926752
1106,3.04720758188688,1.22270452641873
1107,3.04720758188688,1.25198024410368
1108,3.04720758188688,1.20717418764902
1109,3.04720758188688,1.27558133557695
1110,3.04720758188688,1.26962954088421
1111,3.04720758188688,1.36800220121157
1112,3.04720758188688,1.32918176301598
1113,3.04720758188688,1.29060289926931
1114,3.04720758188688,1.26885854702627
1115,3.04720758188688,1.31327662740732
1116,3.04720758188688,1.28334887864285
1117,3.04720758188688,1.26937988002551
1118,3.04720758188688,1.25845542358599
1119,3.04720758188688,1.33137578117284
1120,3.04720758188688,1.3160975290958
1121,3.04720758188688,1.28267078487262
1122,3.04720758188688,1.36926170880619
1123,3.04720758188688,1.3470697832355
1124,3.04720758188688,1.30702312484354
1125,3.04720758188688,1.33515897712503
1126,3.04720758188688,1.3467166646107
1127,3.04720758188688,1.29421439137593
1128,3.04720758188688,1.39665319020844
1129,3.04720758188688,1.36900761424484
1130,3.04720758188688,1.32309625016315
1131,3.04720758188688,1.30091089138158
1132,3.04720758188688,1.28518164531516
1133,3.04720758188688,1.33995243554561
1134,3.04720758188688,1.34624414799569
1135,3.04720758188688,1.30120778690086
1136,3.04720758188688,1.29876497167454
1137,3.04720758188688,1.35091045023789
1138,3.04720758188688,1.3420423771078
1139,3.04720758188688,1.38826324811477
1140,3.04720758188688,1.40939316446439
1141,3.04720758188688,1.39688315910601
1142,3.04720758188688,1.36025076981989
1143,3.04720758188688,1.31951836485737
1144,3.04720758188688,1.35841426027401
1145,3.04720758188688,1.34184067382128
1146,3.04720758188688,1.39201192283748
1147,3.04720758188688,1.35451841051543
1148,3.04720758188688,1.32690474080867
1149,3.04720758188688,1.3644564072908
1150,3.04720758188688,1.37738519200375
1151,3.04720758188688,1.33239542021848
1152,3.04720758188688,1.34319143097703
1153,3.04720758188688,1.30172777642263
1154,3.04720758188688,1.29170185198395
1155,3.04720758188688,1.35650991878108
1156,3.04720758188688,1.36312304884018
1157,3.04720758188688,1.40311171651036
1158,3.04720758188688,1.36743595871183
1159,3.04720758188688,0.884725757064421
1160,3.04720758188688,1.43629453830103
1161,3.04720758188688,0.935260439578166
1162,3.04720758188688,0.887516566483836
1163,3.04720758188688,0.861060338098525
1164,3.04720758188688,1.43345798793412
1165,3.04720758188688,1.41546134320587
1166,3.04720758188688,0.892189894098675
1167,3.04720758188688,0.881955237868577
1168,3.04720758188688,1.44108337755734
1169,3.04720758188688,1.45709990839604
1170,3.04720758188688,0.989765967786754
1171,3.04720758188688,0.968403606269253
1172,3.04720758188688,1.41205552375469
1173,3.04720758188688,1.38598394956156
1174,3.04720758188688,0.920895216641821
1175,3.04720758188688,0.892043028722195
1176,3.04720758188688,0.85889270345199
1177,3.04720758188688,0.813473595459091
1178,3.04720758188688,0.844953962211553
1179,3.04720758188688,0.861910322515133
1180,3.04720758188688,1.4092923064006
1181,3.04720758188688,0.903277862629293
1182,3.04720758188688,0.890002145064683
1183,3.04720758188688,0.881104013784414
1184,3.04720758188688,0.875473316899838
1185,3.04720758188688,0.857747004971276
1186,3.04720758188688,1.39376948415232
1187,3.04720758188688,0.428903624945547
1188,3.04720758188688,0.42476567352977
1189,3.04720758188688,0.454083585371113
1190,3.04720758188688,0.451959358121596
1191,3.04720758188688,0.428769005687245
1192,3.04720758188688,0.437690738542071
1193,3.04720758188688,0.439642724986619
1194,3.04720758188688,0.95169776830568
1195,3.04720758188688,0.953789810218498
1196,3.04720758188688,0.443155164263924
1197,3.04720758188688,0.407112280768625
1198,3.04720758188688,0.915598531451306
1199,3.04720758188688,0.91181153681879
1200,3.04720758188688,0.894982015820012
1201,3.04720758188688,0.409890175265843
1202,3.04720758188688,1.45636932348318
1203,3.04720758188688,0.419402241169254
1204,3.04720758188688,0.401223974279325
1205,3.04720758188688,1.4351374847929
1206,3.04720758188688,0.393052993383426
1207,3.04720758188688,0.386304296915105
1208,3.04720758188688,0.388149007823613
1209,3.04720758188688,1.46860041926723
1210,3.04720758188688,0.399955265511103
1211,3.04720758188688,0.367091780767665
1212,3.04720758188688,1.45036958596319
1213,3.04720758188688,1.45281322208948
1214,3.04720758188688,0.389799501078379
1215,3.04720758188688,0.376113278508002
1216,3.04720758188688,0.919662952225866
1217,3.04720758188688,0.39058827286962
1218,3.04720758188688,0.384397968337404
1219,3.04720758188688,0.372333069649813
1220,3.04720758188688,0.936838143721644
1221,3.04720758188688,0.911689863883611
1222,3.04720758188688,0.359851146199368
1223,3.04720758188688,0.928966408502713
1224,3.04720758188688,0.913898872075539
1225,3.04720758188688,0.399384763862564
1226,3.04720758188688,0.385140005348101
1227,3.04720758188688,0.369392933840203
1228,3.04720758188688,0.902649296907194
1229,3.04720758188688,0.399141830611046
1230,3.04720758188688,0.400128340405512
1231,3.04720758188688,0.387317126529521
1232,3.04720758188688,0.930331580281971
1233,3.04720758188688,0.349977425092089
1234,3.04720758188688,0.321766452707027
1235,3.04720758188688,0.903259125086564
1236,3.04720758188688,0.375281074204863
1237,3.04720758188688,0.357731193819987
1238,3.04720758188688,0.882641575353158
1239,3.04720758188688,0.874826846099291
1240,3.04720758188688,0.397297424806669
1241,3.04720758188688,0.950484958835708
1242,3.04720758188688,0.960833929532008
1243,3.04720758188688,0.450426449557975
1244,3.04720758188688,0.454556050237124
1245,3.04720758188688,0.454553023154198
1246,3.04720758188688,0.44465948234335
1247,3.04720758188688,0.43934521898923
1248,3.04720758188688,0.940526684661201
1249,3.04720758188688,0.455660130187973
1250,3.04720758188688,0.442085663849462
1251,3.04720758188688,0.433686322514544
1252,3.04720758188688,0.441529254965468
1253,3.04720758188688,0.444832478325423
1254,3.04720758188688,0.445306369312304
1255,3.04720758188688,0.48738763713995
1256,3.04720758188688,0.981719418438578
1257,3.04720758188688,0.971075512293228
1258,3.04720758188688,0.450698819363906
1259,3.04720758188688,0.968686137793959
1260,3.04720758188688,0.956887105112009
1261,3.04720758188688,0.949919110806335
1262,3.04720758188688,0.949588464730805
1263,3.04720758188688,0.935381050852892
1264,3.04720758188688,0.941149949334956
1265,3.04720758188688,0.925456742912836
1266,3.04720758188688,0.910099479932061
1267,3.04720758188688,0.917833228071861
1268,3.04720758188688,0.910496826138115
1269,3.04720758188688,0.911257780243853
1270,3.04720758188688,0.893116937276459
1271,3.04720758188688,0.939518929442912
1272,3.04720758188688,0.949523713830239
1273,3.04720758188688,0.939895492800294
1274,3.04720758188688,0.970473268980881
1275,3.04720758188688,0.96642547932629
1276,3.04720758188688,0.946506599480638
1277,3.04720758188688,0.917069740019992
1278,3.04720758188688,0.909152411040987
1279,3.04720758188688,0.941955165883669
1280,3.04720758188688,0.960105189818976
1281,3.04720758188688,0.938343554437661
1282,3.04720758188688,0.945210735654969
1283,3.04720758188688,0.922439845588909
1284,3.04720758188688,0.935823422200748
1285,3.04720758188688,0.908406934511767
1286,3.04720758188688,1.40436517973135
1287,3.04720758188688,1.44200597652106
1288,3.04720758188688,1.39884021316455
1289,3.04720758188688,1.3656040642491
1290,3.04720758188688,1.37574131213898
1291,3.04720758188688,1.35069761650516
1292,3.04720758188688,1.34500322502835
1293,3.04720758188688,1.40535372491119
1294,3.04720758188688,1.39273931733971
1295,3.04720758188688,1.37525733552549
1296,3.04720758188688,1.35369202486693
1297,3.04720758188688,1.32372596209439
1298,3.04720758188688,1.39077606020131
1299,3.04720758188688,1.38857115539833
1300,3.04720758188688,1.39548837934299
1301,3.04720758188688,1.41432914656796
1302,3.04720758188688,1.35583969111796
1303,3.04720758188688,1.33371813486932
1304,3.04720758188688,1.35517141384687
1305,3.04720758188688,1.3391996510842
1306,3.04720758188688,1.34618041208878
1307,3.04720758188688,1.37411331463042
1308,3.04720758188688,1.35307796127445
1309,3.04720758188688,1.34798526471186
1310,3.04720758188688,1.39480940940405
1311,3.04720758188688,1.38136255267375
1312,3.04720758188688,1.33829063629118
1313,3.04720758188688,1.3983230700195
1314,3.04720758188688,1.37758945284199
1315,3.04720758188688,1.36203013977112
1316,3.04720758188688,1.3993720187984
1317,3.04720758188688,1.36609820761011
1318,3.04720758188688,1.39613125039461
1319,3.04720758188688,1.33595912031235
1320,3.04720758188688,1.32602707290918
1321,3.04720758188688,1.30660818536127
1322,3.04720758188688,1.30058295693894
1323,3.04720758188688,1.34186852928227
1324,3.04720758188688,1.31003771014704
1325,3.04720758188688,1.36050479333374
1326,3.04720758188688,1.3144006854098
1327,3.04720758188688,1.36405669596771
1328,3.04720758188688,1.3505728323163
1329,3.04720758188688,1.31370589508198
1330,3.04720758188688,1.30315462921274
1331,3.04720758188688,1.36308973983524
1332,3.04720758188688,1.34378408379682
1333,3.04720758188688,1.31756797101562
1334,3.04720758188688,1.36963245069598
1335,3.04720758188688,1.34055465530641
1336,3.04720758188688,1.33085920105568
1337,3.04720758188688,1.36499481402204
1338,3.04720758188688,1.33940021497367
1339,3.04720758188688,1.396020859407
1340,3.04720758188688,1.38363965383053
1341,3.04720758188688,1.35673818873588
1342,3.04720758188688,1.31589165938155
1343,3.04720758188688,1.3746448912288
1344,3.04720758188688,1.37464096018611
1345,3.04720758188688,1.35939356466915
1346,3.04720758188688,1.34085612719299
1347,3.04720758188688,1.3503793733876
1348,3.04720758188688,1.31199804266797
1349,3.04720758188688,1.34442572025224
1350,3.04720758188688,1.32872187240919
1351,3.04720758188688,1.3138896454258
1352,3.04720758188688,1.34276784620597
1353,3.04720758188688,1.34181738858302
1354,3.04720758188688,1.33470713376373
1355,3.04720758188688,1.31785136502301
1356,3.04720758188688,1.38261705547359
1357,3.04720758188688,1.33123511151693
1358,3.04720758188688,1.3326499404628
1359,3.04720758188688,1.29602428057736
1360,3.04720758188688,1.36040641518395
1361,3.04720758188688,1.36640958207862
1362,3.04720758188688,1.33524678504962
1363,3.04720758188688,1.37540671079751
1364,3.04720758188688,1.3960313270361
1365,3.04720758188688,1.35417505384745
1366,3.04720758188688,1.39822132796084
1367,3.04720758188688,1.36420330260069
1368,3.04720758188688,1.38600559751793
1369,3.04720758188688,1.34284911339852
1370,3.04720758188688,1.37529078139603
1371,3.04720758188688,1.41552552384632
1372,3.04720758188688,1.38584905340906
1373,3.04720758188688,1.35706237968455
1374,3.04720758188688,1.31354636518754
1375,3.04720758188688,1.34826419500968
1376,3.04720758188688,1.39861147524291
1377,3.04720758188688,1.41954040421347
1378,3.04720758188688,1.39769322594245
1379,3.04720758188688,1.41555757378186
1380,3.04720758188688,1.41162219278962
1381,3.04720758188688,1.36369705424476
1382,3.04720758188688,1.36788547311825
1383,3.04720758188688,1.44356112301118
1384,3.04720758188688,1.41924609952201
1385,3.04720758188688,1.44652332556106
1386,3.04720758188688,1.40499089774774
1387,3.04720758188688,1.39884803437989
1388,3.04720758188688,1.3551511620907
1389,3.04720758188688,1.38794140510018
1390,3.04720758188688,1.36592881528247
1391,3.04720758188688,1.42889078984099
1392,3.04720758188688,1.37160825997979
1393,3.04720758188688,1.35346392084172
1394,3.04720758188688,1.30652735597176
1395,3.04720758188688,1.36227719162398
1396,3.04720758188688,1.36350142685335
1397,3.04720758188688,1.38928617291738
1398,3.04720758188688,1.36579882421652
1399,3.04720758188688,1.38824292134738
1400,3.04720758188688,1.3402889064508
1401,3.04720758188688,1.38195571173051
1402,3.04720758188688,1.32921089098511
1403,3.04720758188688,1.2971592131561
1404,3.04720758188688,1.3462439995503
1405,3.04720758188688,1.43255611997864
1406,3.04720758188688,1.40664977178699
1407,3.04720758188688,1.40678285145077
1408,3.04720758188688,1.36919329770562
1409,3.04720758188688,1.38724576285241
1410,3.04720758188688,1.37003669273874
1411,3.04720758188688,1.34393204139702
1412,3.04720758188688,1.34697419973059
1413,3.04720758188688,1.382945508236
1414,3.04720758188688,1.34187766558564
1415,3.04720758188688,1.36561459258099
1416,3.04720758188688,1.44212520008365
1417,3.04720758188688,1.41219751797251
1418,3.04720758188688,1.35912844497323
1419,3.04720758188688,1.36907142043873
1420,3.04720758188688,1.38574809257444
1421,3.04720758188688,1.373543376867
1422,3.04720758188688,1.33876401359189
1423,3.04720758188688,1.31067443461529
1424,3.04720758188688,1.36815528598241
1425,3.04720758188688,1.40513413099927
1426,3.04720758188688,1.35291063224301
1427,3.04720758188688,1.3373741216205
1428,3.04720758188688,1.37546146398566
1429,3.04720758188688,1.34814026823912
1430,3.04720758188688,1.32652021841204
1431,3.04720758188688,1.30586080549055
1432,3.04720758188688,1.3504888972548
1433,3.04720758188688,1.33883562651366
1434,3.04720758188688,1.31195775546821
1435,3.04720758188688,1.35024785377244
1436,3.04720758188688,1.30594141045436
1437,3.04720758188688,1.31226227265953
1438,3.04720758188688,1.26725846965938
1439,3.04720758188688,1.31804279022966
1440,3.04720758188688,1.2758153546489
1441,3.04720758188688,1.33548618368044
1442,3.04720758188688,1.33498308003211
1443,3.04720758188688,1.30958667891726
1444,3.04720758188688,1.33940837763113
1445,3.04720758188688,1.29521717617084
1446,3.04720758188688,1.3749381482835
1447,3.04720758188688,1.36588700746143
1448,3.04720758188688,1.35449401622391
1449,3.04720758188688,1.30455909513645
1450,3.04720758188688,1.34736378805257
1451,3.04720758188688,1.31146100803651
1452,3.04720758188688,1.30817286317532
1453,3.04720758188688,1.34570242891391
1454,3.04720758188688,1.31814289368909
1455,3.04720758188688,1.27435219059737
1456,3.04720758188688,1.29161501834521
1457,3.04720758188688,1.35372864881243
1458,3.04720758188688,1.30574733574667
1459,3.04720758188688,1.34066409846646
1460,3.04720758188688,1.39195609120821
1461,3.04720758188688,1.37638702463206
1462,3.04720758188688,1.39023084017448
1463,3.04720758188688,1.35216090286249
1464,3.04720758188688,1.35960890564796
1465,3.04720758188688,1.37966046030987
1466,3.04720758188688,1.38991173028431
1467,3.04720758188688,1.35188073597891
1468,3.04720758188688,1.3278480780114
1469,3.04720758188688,1.35351847612258
1470,3.04720758188688,1.30558087723911
1471,3.04720758188688,1.32746513052117
1472,3.04720758188688,1.36106406159608
1473,3.04720758188688,1.40736724444803
1474,3.04720758188688,1.37969144649625
1475,3.04720758188688,1.36831886441074
1476,3.04720758188688,1.40158900447433
1477,3.04720758188688,1.35717600817269
1478,3.04720758188688,1.39973161378129
1479,3.04720758188688,1.33632568490836
1480,3.04720758188688,1.40730966492715
1481,3.04720758188688,1.38443421839455
1482,3.04720758188688,0.884895697986743
1483,3.04720758188688,0.871101917762552
1484,3.04720758188688,1.47070006206264
1485,3.04720758188688,1.44794813463172
1486,3.04720758188688,0.936027534390058
1487,3.04720758188688,0.925214297441756
1488,3.04720758188688,1.40944044423334
1489,3.04720758188688,1.38934253716424
1490,3.04720758188688,0.890208306932591
1491,3.04720758188688,1.38697603901807
1492,3.04720758188688,0.911504610221108
1493,3.04720758188688,0.898387424787061
1494,3.04720758188688,0.890847371769141
1495,3.04720758188688,1.4270056006519
1496,3.04720758188688,1.37667114574398
1497,3.04720758188688,0.903710280940711
1498,3.04720758188688,0.887797638469698
1499,3.04720758188688,1.44284598786058
1500,3.04720758188688,0.45166051419801
1501,3.04720758188688,0.449223202570963
1502,3.04720758188688,0.447605515335111
1503,3.04720758188688,0.441338130432088
1504,3.04720758188688,0.440902333515568
1505,3.04720758188688,0.455000324800079
1506,3.04720758188688,0.452499770083366
1507,3.04720758188688,0.453963417721614
1508,3.04720758188688,0.454190427346319
1509,3.04720758188688,0.443936126278223
1510,3.04720758188688,0.441352890995659
1511,3.04720758188688,0.433181972319061
1512,3.04720758188688,0.447987337479465
1513,3.04720758188688,0.436353914899669
1514,3.04720758188688,0.431913022086035
1515,3.04720758188688,0.442938112307101
1516,3.04720758188688,0.430549753602343
1517,3.04720758188688,0.417229273823312
1518,3.04720758188688,0.430512681951538
1519,3.04720758188688,0.940599125884596
1520,3.04720758188688,0.939059131519105
1521,3.04720758188688,0.427930577302554
1522,3.04720758188688,0.949647183841965
1523,3.04720758188688,0.420940531017639
1524,3.04720758188688,0.414189517974868
1525,3.04720758188688,1.52777210285897
1526,3.04720758188688,1.51842819521041
1527,3.04720758188688,1.51593776469717
1528,3.04720758188688,0.399722561060866
1529,3.04720758188688,0.379024633851752
1530,3.04720758188688,0.422043715701151
1531,3.04720758188688,0.401093234527581
1532,3.04720758188688,0.384086152222511
1533,3.04720758188688,1.5066118019955
1534,3.04720758188688,0.404102210836152
1535,3.04720758188688,0.391322296915959
1536,3.04720758188688,1.50550192909736
1537,3.04720758188688,1.48713093223378
1538,3.04720758188688,0.396842954262032
1539,3.04720758188688,0.376522424660722
1540,3.04720758188688,1.5003110973377
1541,3.04720758188688,0.415735924592879
1542,3.04720758188688,0.40773493691557
1543,3.04720758188688,1.5036933039719
1544,3.04720758188688,1.49698996799905
1545,3.04720758188688,0.407978105879791
1546,3.04720758188688,1.51987461826956
1547,3.04720758188688,1.51197863661566
1548,3.04720758188688,1.51074880201035
1549,3.04720758188688,1.4998955256911
1550,3.04720758188688,0.40919662291614
1551,3.04720758188688,0.944639465971134
1552,3.04720758188688,0.443772421535143
1553,3.04720758188688,0.433565642843567
1554,3.04720758188688,0.39393633206204
1555,3.04720758188688,0.386611389267649
1556,3.04720758188688,0.941464356264285
1557,3.04720758188688,0.432042333799772
1558,3.04720758188688,0.987460851316006
1559,3.04720758188688,0.990330428402522
1560,3.04720758188688,0.444384825488654
1561,3.04720758188688,0.443893144476438
1562,3.04720758188688,0.438613490340366
1563,3.04720758188688,0.983045970251169
1564,3.04720758188688,0.502875529844695
1565,3.04720758188688,0.493183070708838
1566,3.04720758188688,0.497094859319437
1567,3.04720758188688,0.487174495477273
1568,3.04720758188688,0.479378693220864
1569,3.04720758188688,0.484031188797346
1570,3.04720758188688,0.4732851795847
1571,3.04720758188688,0.470147577338571
1572,3.04720758188688,0.45574708127597
1573,3.04720758188688,0.450457378304207
1574,3.04720758188688,0.450070787648178
1575,3.04720758188688,0.449807580802377
1576,3.04720758188688,1.00379628131205
1577,3.04720758188688,0.998082315698445
1578,3.04720758188688,0.456412565017134
1579,3.04720758188688,0.442168623049862
1580,3.04720758188688,0.452210492431487
1581,3.04720758188688,0.452443275381969
1582,3.04720758188688,0.985339935081619
1583,3.04720758188688,0.962929478351287
1584,3.04720758188688,0.944198423386844
1585,3.04720758188688,0.437324813629342
1586,3.04720758188688,0.43486349603939
1587,3.04720758188688,0.98839894608898
1588,3.04720758188688,0.966285487947187
1589,3.04720758188688,0.441485201979086
1590,3.04720758188688,0.966836335988682
1591,3.04720758188688,0.942295565422273
1592,3.04720758188688,0.94322262912181
1593,3.04720758188688,0.936671815966913
1594,3.04720758188688,0.98059017064719
1595,3.04720758188688,0.963962621914495
1596,3.04720758188688,0.44943650797866
1597,3.04720758188688,0.432629318299151
1598,3.04720758188688,0.952616792543425
1599,3.04720758188688,0.464244419365179
1600,3.04720758188688,0.949242434129571
1601,3.04720758188688,0.923557800793967
1602,3.04720758188688,0.91465966229584
1603,3.04720758188688,0.449799602630439
1604,3.04720758188688,0.429565097718574
1605,3.04720758188688,0.96531393920752
1606,3.04720758188688,0.491502504476769
1607,3.04720758188688,0.466551096250241
1608,3.04720758188688,0.448514224970888
1609,3.04720758188688,0.933076869554422
1610,3.04720758188688,0.444260269468069
1611,3.04720758188688,0.412848717901001
1612,3.04720758188688,0.942807685374433
1613,3.04720758188688,0.961152225980596
1614,3.04720758188688,0.94323983492046
1615,3.04720758188688,0.91415218061898
1616,3.04720758188688,0.940731373029862
1617,3.04720758188688,0.901282742301186
1618,3.04720758188688,0.903324918341146
1619,3.04720758188688,0.912406721031816
1620,3.04720758188688,0.899583782833106
1621,3.04720758188688,0.862685944241072
1622,3.04720758188688,0.863735134087489
1623,3.04720758188688,0.952420239014378
1624,3.04720758188688,0.937071119307204
1625,3.04720758188688,0.930169803094328
1626,3.04720758188688,0.932887193660365
1627,3.04720758188688,0.907060899696608
1628,3.04720758188688,0.934464754608557
1629,3.04720758188688,0.907752846632671
1630,3.04720758188688,0.904088752414203
1631,3.04720758188688,0.927460773332995
1632,3.04720758188688,0.922198778531645
1633,3.04720758188688,0.881435196296489
1634,3.04720758188688,1.43041790005838
1635,3.04720758188688,1.44861305081417
1636,3.04720758188688,1.42766101884104
1637,3.04720758188688,1.42535682860134
1638,3.04720758188688,1.41828087047643
1639,3.04720758188688,1.46810159158261
1640,3.04720758188688,1.44445689134648
1641,3.04720758188688,1.40783268683304
1642,3.04720758188688,1.45218662717314
1643,3.04720758188688,1.41599131599991
1644,3.04720758188688,1.43543190767246
1645,3.04720758188688,1.4281030764565
1646,3.04720758188688,1.44967247582767
1647,3.04720758188688,1.42651695285026
1648,3.04720758188688,1.41148434055101
1649,3.04720758188688,1.45621094180104
1650,3.04720758188688,1.44289647797096
1651,3.04720758188688,1.40267764880961
1652,3.04720758188688,1.36581066298213
1653,3.04720758188688,1.39310410785264
1654,3.04720758188688,1.38337179578222
1655,3.04720758188688,1.33880142555709
1656,3.04720758188688,1.35634033035837
1657,3.04720758188688,1.33422270015745
1658,3.04720758188688,1.31164536156655
1659,3.04720758188688,1.27257392112948
1660,3.04720758188688,1.30961016713265
1661,3.04720758188688,1.38348490485952
1662,3.04720758188688,1.36453602328259
1663,3.04720758188688,1.31289740854898
1664,3.04720758188688,1.30749663664477
1665,3.04720758188688,1.34380867656501
1666,3.04720758188688,1.3754288975918
1667,3.04720758188688,1.3595864762161
1668,3.04720758188688,1.33589382522398
1669,3.04720758188688,1.38616913145664
1670,3.04720758188688,1.33515536530659
1671,3.04720758188688,1.34645874412868
1672,3.04720758188688,1.34122359974737
1673,3.04720758188688,1.31271533500475
1674,3.04720758188688,1.29349832669588
1675,3.04720758188688,1.29704448567583
1676,3.04720758188688,1.25061891951456
1677,3.04720758188688,1.3390543372368
1678,3.04720758188688,1.35129839511677
1679,3.04720758188688,1.32048035663972
1680,3.04720758188688,1.27228742533848
1681,3.04720758188688,1.25304808717549
1682,3.04720758188688,1.30608206162327
1683,3.04720758188688,1.28692481214441
1684,3.04720758188688,1.29642403161527
1685,3.04720758188688,1.24585743933977
1686,3.04720758188688,1.2086179271472
1687,3.04720758188688,1.24633224844685
1688,3.04720758188688,1.22877177699765
1689,3.04720758188688,1.27277118709806
1690,3.04720758188688,1.27326722797687
1691,3.04720758188688,1.2771533704078
1692,3.04720758188688,1.2623842676656
1693,3.04720758188688,1.24328087517936
1694,3.04720758188688,1.2158013022014
1695,3.04720758188688,1.30145273474197
1696,3.04720758188688,1.27369222407
1697,3.04720758188688,1.34280961289779
1698,3.04720758188688,1.30817461759362
1699,3.04720758188688,1.2897360732015
1700,3.04720758188688,1.26009192315201
1701,3.04720758188688,1.30195402604301
1702,3.04720758188688,1.27587038724703
1703,3.04720758188688,1.34298969355413
1704,3.04720758188688,1.27579558944649
1705,3.04720758188688,1.29199592018356
1706,3.04720758188688,1.33339266385389
1707,3.04720758188688,1.29190366369186
1708,3.04720758188688,1.2573746248984
1709,3.04720758188688,1.26222774085195
1710,3.04720758188688,1.29759706966118
1711,3.04720758188688,1.25079987373524
1712,3.04720758188688,1.30808692738287
1713,3.04720758188688,1.2599866392519
1714,3.04720758188688,1.20697893065725
1715,3.04720758188688,1.24452763736423
1716,3.04720758188688,1.2195641752781
1717,3.04720758188688,1.21348601149534
1718,3.04720758188688,1.22842239899978
1719,3.04720758188688,1.27439083782583
1720,3.04720758188688,1.21522102853176
1721,3.04720758188688,1.25294233044379
1722,3.04720758188688,1.27091531265697
1723,3.04720758188688,1.19296254806878
1724,3.04720758188688,1.1470786478716
1725,3.04720758188688,1.15107203367626
1726,3.04720758188688,1.1456411920825
1727,3.04720758188688,1.19819855835242
1728,3.04720758188688,1.25123599417015
1729,3.04720758188688,1.23859856535101
1730,3.04720758188688,1.25743063028568
1731,3.04720758188688,1.24673070247226
1732,3.04720758188688,1.20602391704997
1733,3.04720758188688,1.18821953248772
1734,3.04720758188688,1.27423571088354
1735,3.04720758188688,1.27484443153285
1736,3.04720758188688,1.22278030894176
1737,3.04720758188688,1.17193208339507
1738,3.04720758188688,1.1285472546789
1739,3.04720758188688,1.15548897433232
1740,3.04720758188688,1.21799717864772
1741,3.04720758188688,1.21833378156675
1742,3.04720758188688,1.18743776024766
1743,3.04720758188688,1.23486459817967
1744,3.04720758188688,1.21917720278258
1745,3.04720758188688,1.20094841227163
1746,3.04720758188688,1.2116598547334
1747,3.04720758188688,1.24033596197691
1748,3.04720758188688,1.21246639595138
1749,3.04720758188688,1.3121804269904
1750,3.04720758188688,1.29939886981472
1751,3.04720758188688,1.2867454247902
1752,3.04720758188688,1.28220385295669
1753,3.04720758188688,1.25300815922578
1754,3.04720758188688,1.38858103104018
1755,3.04720758188688,1.38348684789587
1756,3.04720758188688,1.30511003892304
1757,3.04720758188688,1.33159695270734
1758,3.04720758188688,1.26952026621279
1759,3.04720758188688,1.30419276538617
1760,3.04720758188688,1.34551398640094
1761,3.04720758188688,1.31030336196834
1762,3.04720758188688,1.26509371418136
1763,3.04720758188688,1.21007007443414
1764,3.04720758188688,1.22750001511339
1765,3.04720758188688,1.21289793165639
1766,3.04720758188688,1.3039326162873
1767,3.04720758188688,1.3269033637811
1768,3.04720758188688,1.23992968128175
1769,3.04720758188688,1.26140512059726
1770,3.04720758188688,1.21934067094808
1771,3.04720758188688,1.30292145013189
1772,3.04720758188688,1.20225812585438
1773,3.04720758188688,1.18004197827699
1774,3.04720758188688,1.15789666824441
1775,3.04720758188688,1.11103052230547
1776,3.04720758188688,1.06915991004102
1777,3.04720758188688,1.11805240223253
1778,3.04720758188688,1.11153364768436
1779,3.04720758188688,1.09613698734748
1780,3.04720758188688,1.10672232156501
1781,3.04720758188688,1.14689693945953
1782,3.04720758188688,1.0656386878187
1783,3.04720758188688,1.1286864648454
1784,3.04720758188688,1.07930884171781
1785,3.04720758188688,1.15740486378617
1786,3.04720758188688,1.28409092619926
1787,3.04720758188688,1.24407784587413
1788,3.04720758188688,1.2138553324755
1789,3.04720758188688,1.251973193592
1790,3.04720758188688,1.11168070396515
1791,3.04720758188688,1.17292590812393
1792,3.04720758188688,1.11693366618405
1793,3.04720758188688,1.18998296194062
1794,3.04720758188688,1.20928473617194
1795,3.04720758188688,1.20044299889076
1796,3.04720758188688,1.09754918191374
1797,3.04720758188688,1.04555557274457
1798,3.04720758188688,1.13642874229707
1799,3.04720758188688,1.09403009256761
1800,3.04720758188688,1.07008360596289
1801,3.04720758188688,1.0567601596876
1802,3.04720758188688,1.15501483598103
1803,3.04720758188688,1.15082611539903
1804,3.04720758188688,1.11583415237437
1805,3.04720758188688,1.22679997010657
1806,3.04720758188688,1.20216344722432
1807,3.04720758188688,1.10624173999343
1808,3.04720758188688,1.05460757320672
1809,3.04720758188688,1.24211648305861
1810,3.04720758188688,1.22288043715038
1811,3.04720758188688,1.18250725966217
1812,3.04720758188688,1.20294204152154
1813,3.04720758188688,1.18904581229771
1814,3.04720758188688,1.21143851048727
1815,3.04720758188688,1.21742765268512
1816,3.04720758188688,1.23252586614513
1817,3.04720758188688,1.23096822538403
1818,3.04720758188688,1.12636615729869
1819,3.04720758188688,1.07470977696539
1820,3.04720758188688,1.1032662871523
1821,3.04720758188688,1.06938981075417
1822,3.04720758188688,1.05681404969283
1823,3.04720758188688,1.00812100466973
1824,3.04720758188688,0.97850230724873
1825,3.04720758188688,1.02511807013955
1826,3.04720758188688,1.00707171312049
1827,3.04720758188688,0.941397917089315
1828,3.04720758188688,1.06592133496211
1829,3.04720758188688,1.10773234438806
1830,3.04720758188688,1.07081202000113
1831,3.04720758188688,0.992474692429124
1832,3.04720758188688,0.917616799906284
1833,3.04720758188688,0.954824406633791
1834,3.04720758188688,0.971267241887528
1835,3.04720758188688,0.905627056575614
1836,3.04720758188688,0.983515727776859
1837,3.04720758188688,0.999266149869396
1838,3.04720758188688,0.929462241474435
1839,3.04720758188688,1.04829461427542
1840,3.04720758188688,1.0228209715957
1841,3.04720758188688,1.03226110049641
1842,3.04720758188688,0.963859457951297
1843,3.04720758188688,1.01878138733206
1844,3.04720758188688,0.914222266305412
1845,3.04720758188688,0.996382976115426
1846,3.04720758188688,1.04311665533793
1847,3.04720758188688,0.985963673515394
1848,3.04720758188688,0.922553916891946
1849,3.04720758188688,0.936311669495249
1850,3.04720758188688,0.903577467949139
1851,3.04720758188688,0.908850355937336
1852,3.04720758188688,0.932426215182659
1853,3.04720758188688,0.869595255452396
1854,3.04720758188688,0.858608621321202
1855,3.04720758188688,0.794244484103695
1856,3.04720758188688,0.794556248477911
1857,3.04720758188688,0.841549626235626
1858,3.04720758188688,0.855896842215314
1859,3.04720758188688,0.82129216619737
1860,3.04720758188688,0.830597917772525
1861,3.04720758188688,0.787953368668063
1862,3.04720758188688,0.836590335126187
1863,3.04720758188688,0.824511660604566
1864,3.04720758188688,0.79677365942197
1865,3.04720758188688,0.799459792081522
1866,3.04720758188688,0.847996274145048
1867,3.04720758188688,0.831346855679491
1868,3.04720758188688,0.814562204818673
1869,3.04720758188688,0.88076362008026
1870,3.04720758188688,0.935332831558218
1871,3.04720758188688,0.884287224386356
1872,3.04720758188688,0.782537110013493
1873,3.04720758188688,0.810308412116271
1874,3.04720758188688,0.894551320626325
1875,3.04720758188688,0.85608874249413
1876,3.04720758188688,0.800590954093594
1877,3.04720758188688,0.890365927629488
1878,3.04720758188688,0.883711590278845
1879,3.04720758188688,0.908596476427002
1880,3.04720758188688,0.875981073037125
1881,3.04720758188688,0.9628268353271
1882,3.04720758188688,0.86584902347741
1883,3.04720758188688,0.862742380449176
1884,3.04720758188688,0.86024690131865
1885,3.04720758188688,0.828845712552923
1886,3.04720758188688,0.772635756415907
1887,3.04720758188688,0.772353674348979
1888,3.04720758188688,0.831822718381616
1889,3.04720758188688,0.823760279587383
1890,3.04720758188688,0.870721779028856
1891,3.04720758188688,0.813540014486543
1892,3.04720758188688,0.761062506000483
1893,3.04720758188688,0.784726503125149
1894,3.04720758188688,0.778276847253363
1895,3.04720758188688,0.743106294876347
1896,3.04720758188688,0.700123462532047
1897,3.04720758188688,0.660921567906597
1898,3.04720758188688,0.585078928323985
1899,4.52795741087074,4.52795741087074
1900,4.52795741087074,0.222684031885839
1901,4.52795741087074,4.44085088199607
1902,4.52795741087074,4.47633785702863
1903,4.52795741087074,4.44524967619982
1904,4.52795741087074,4.39620955067148
1905,4.52795741087074,4.43220089588154
1906,4.52795741087074,4.42399634483047
1907,4.52795741087074,4.44572388423185
1908,4.52795741087074,4.4674045438584
1909,4.52795741087074,4.44666856470723
1910,4.52795741087074,4.43649685668023
1911,4.52795741087074,4.41153018316339
1912,4.52795741087074,4.37503029970628
1913,4.52795741087074,4.31254716501708
1914,4.52795741087074,4.27735367074807
1915,4.52795741087074,4.2473996479034
1916,4.52795741087074,4.19291459324173
1917,4.52795741087074,4.14624167458842
1918,4.52795741087074,4.15399426843652
1919,4.52795741087074,4.15969202550287
1920,4.52795741087074,4.08111781121316
1921,4.52795741087074,4.04212467725559
1922,4.52795741087074,3.99796073554227
1923,4.52795741087074,3.99744713745095
1924,4.52795741087074,3.961106307251
1925,4.52795741087074,3.89899587517458
1926,4.52795741087074,3.85443058512124
1927,4.52795741087074,3.8222887909382
1928,4.52795741087074,3.82449926776098
1929,4.52795741087074,3.81871799082682
1930,4.52795741087074,3.74737363451921
1931,4.52795741087074,3.7074512378203
1932,4.52795741087074,3.6778309668263
1933,4.52795741087074,3.64232520042356
1934,4.52795741087074,3.62148829273038
1935,4.52795741087074,3.609942240093
1936,4.52795741087074,3.56262382028649
1937,4.52795741087074,3.49728488951698
1938,4.52795741087074,3.49525979866989
1939,4.52795741087074,3.47019561920416
1940,4.52795741087074,3.44626105640688
1941,4.52795741087074,3.45113854835437
1942,4.52795741087074,3.35528382142939
1943,4.52795741087074,3.31791880625784
1944,4.52795741087074,3.29144712837975
1945,4.52795741087074,3.28627346941931
1946,4.52795741087074,3.27745267012749
1947,4.52795741087074,3.2504658362057
1948,4.52795741087074,3.17933826447012
1949,4.52795741087074,3.15133704684594
1950,4.52795741087074,3.10878886252031
1951,4.52795741087074,3.06313366858169
1952,4.52795741087074,3.00861712792118
1953,4.52795741087074,3.01537132469106
1954,4.52795741087074,2.94035385024903
1955,4.52795741087074,2.87658549627208
1956,4.52795741087074,2.80148781979384
1957,4.52795741087074,2.74693817293407
1958,4.52795741087074,2.69693158900248
1959,4.52795741087074,2.66789931306871
1960,4.52795741087074,2.66889048026512
1961,4.52795741087074,2.65525806740288
1962,4.52795741087074,2.60252284502338
1963,4.52795741087074,2.59959099370129
1964,4.52795741087074,2.53323428994058
1965,4.52795741087074,2.54240112614118
1966,4.52795741087074,2.55328961962934
1967,4.52795741087074,2.55425933919399
1968,4.52795741087074,2.52795636457521
1969,4.52795741087074,2.52588310241238
1970,4.52795741087074,2.51601131291764
1971,4.52795741087074,2.50078672835752
1972,4.52795741087074,2.50961684273165
1973,4.52795741087074,2.53932048016634
1974,4.52795741087074,2.51714333406483
1975,4.52795741087074,2.50601313079881
1976,4.52795741087074,2.49992979665959
1977,4.52795741087074,2.45685188528984
1978,4.52795741087074,2.43590011362202
1979,4.52795741087074,2.42117583400154
1980,4.52795741087074,2.35838117926744
1981,4.52795741087074,2.31465391988715
1982,4.52795741087074,2.2831274586185
1983,4.52795741087074,2.26357244537739
1984,4.52795741087074,2.2258972148016
1985,4.52795741087074,2.21253539556976
1986,4.52795741087074,2.1622622706781
1987,4.52795741087074,2.07281237656867
1988,4.52795741087074,2.01278517070305
1989,4.52795741087074,1.99358597178058
1990,4.52795741087074,1.97534078241768
1991,4.52795741087074,1.92450678269551
1992,4.52795741087074,1.89787193082659
1993,4.52795741087074,1.87758434019537
1994,4.52795741087074,1.83236630637374
1995,4.52795741087074,1.85091240866504
1996,4.52795741087074,1.80993712598325
1997,4.52795741087074,1.83753540418929
1998,4.52795741087074,1.82799541835653
1999,4.52795741087074,1.80114905040841
2000,4.52795741087074,1.795217981022
2001,4.52795741087074,1.78859554975987
2002,4.52795741087074,1.80665308518087
2003,4.52795741087074,1.78921339530777
2004,4.52795741087074,1.77100578911698
2005,4.52795741087074,1.73785763614768
2006,4.52795741087074,1.72278844265447
2007,4.52795741087074,1.70663874836538
2008,4.52795741087074,1.67217578525295
2009,4.52795741087074,1.61390658766461
2010,4.52795741087074,1.57991647478438
2011,4.52795741087074,1.54193257648301
2012,4.52795741087074,1.5430673744832
2013,4.52795741087074,1.51194120347819
2014,4.52795741087074,1.48811891766306
2015,4.52795741087074,1.42954254194108
2016,4.52795741087074,1.36290111550503
2017,4.52795741087074,1.34382018718363
2018,4.52795741087074,1.31510467597156
2019,4.52795741087074,1.29715440880418
2020,4.52795741087074,1.28325936034828
2021,4.52795741087074,1.26361281392043
2022,4.52795741087074,1.24006250061518
2023,4.52795741087074,1.16799740424924
2024,4.52795741087074,1.16282667808716
2025,4.52795741087074,1.12739986997964
2026,4.52795741087074,1.17561295515685
2027,4.52795741087074,1.20894817068591
2028,4.52795741087074,1.21068609097615
2029,4.52795741087074,1.15907103596735
2030,4.52795741087074,1.10364465490676
2031,4.52795741087074,1.16326041059462
2032,4.52795741087074,1.1878841529811
2033,4.52795741087074,1.25762478937504
2034,4.52795741087074,1.24527623692982
2035,4.52795741087074,1.19608652072085
2036,4.52795741087074,1.24651946598253
2037,4.52795741087074,1.29948151203379
2038,4.52795741087074,1.30129766704572
2039,4.52795741087074,1.2964230686527
2040,4.52795741087074,1.32639523932759
2041,4.52795741087074,1.26414336785333
2042,4.52795741087074,1.29627738963528
2043,4.52795741087074,1.30148750259684
2044,4.52795741087074,1.35401013333757
2045,4.52795741087074,1.35867916724656
2046,4.52795741087074,1.50286692035137
2047,4.52795741087074,1.52154318016721
2048,4.52795741087074,1.45149631572188
2049,4.52795741087074,1.39434751582942
2050,4.52795741087074,1.44497752278321
2051,4.52795741087074,1.60250373198235
2052,4.52795741087074,1.57062442255574
2053,4.52795741087074,1.518357645757
2054,4.52795741087074,1.46586479925298
2055,4.52795741087074,1.47152684568859
2056,4.52795741087074,1.5206686850248
2057,4.52795741087074,1.55913613754273
2058,4.52795741087074,1.55656429652652
2059,4.52795741087074,1.50917553278373
2060,4.52795741087074,1.57452246057195
2061,4.52795741087074,1.57829977990336
2062,4.52795741087074,1.56915981403369
2063,4.52795741087074,1.50247736155615
2064,4.52795741087074,1.48479782762665
2065,4.52795741087074,1.421975555958
2066,4.52795741087074,1.38796398530882
2067,4.52795741087074,1.44969203676011
2068,4.52795741087074,1.44015592894983
2069,4.52795741087074,1.75390131960976
2070,4.52795741087074,1.69202527560009
2071,4.52795741087074,1.62859831216765
2072,4.52795741087074,1.59018531452082
2073,4.52795741087074,1.57594171555959
2074,4.52795741087074,1.56533691592947
2075,4.52795741087074,1.51481067038543
2076,4.52795741087074,1.46472147375816
2077,4.52795741087074,1.41334366377862
2078,4.52795741087074,1.36576154313966
2079,4.52795741087074,1.71415062300425
2080,4.52795741087074,1.65370915820188
2081,4.52795741087074,1.63381652197126
2082,4.52795741087074,1.61123164777002
2083,4.52795741087074,1.55681777355818
,,1.31659553426849
